Disease,Symptoms,Causes,Treatment
"Endometrial Polyps: Symptoms, Causes and Treatment",N/A,N/A,N/A
"Chest Cold: Symptoms, Causes, Prevention and Treatment",N/A,N/A,N/A
Viral Conjunctivitis (Pink Eye) Symptoms & Treatments,N/A,N/A,N/A
Obstructive Sleep Apnea: Symptoms and Treatment,N/A,N/A,N/A
Symptoms of acute pyelonephritis,N/A,N/A,N/A
"Hyperthyroidism: Symptoms, Causes & Treatments",N/A,N/A,N/A
Varicella Zoster Virus (VZV): Chickenpox & Shingles,N/A,N/A,N/A
Peripheral Vascular Disease: Symptoms and Treatments,N/A,N/A,N/A
"Pericarditis: Symptoms, Causes and Treatment",N/A,N/A,N/A
Signs of aortic dissection,N/A,N/A,N/A
Signs of Lou Gehrig's disease (ALS),N/A,N/A,N/A
AL Amyloidosis (Primary Amyloidosis): Symptoms & Treatment,N/A,N/A,N/A
"Ataxia: Symptoms, Causes and Treatments",N/A,N/A,N/A
Signs of musculoskeletal lower back pain,N/A,N/A,N/A
"Tonsillitis: Symptoms, Causes and Treatment",N/A,N/A,N/A
"Baby Eczema: Symptoms, Causes, Creams and Treatment",N/A,N/A,N/A
"Burnout: Symptoms, Causes, Prevention and Recovery",N/A,N/A,N/A
"Graves’ Disease: Symptoms, Causes and Treatment",N/A,N/A,N/A
"Irritable Bowel Syndrome (IBS): Symptoms, Self-Care & Treatment",N/A,N/A,N/A
Depressive Episode: Symptoms and How to deal with Them,N/A,N/A,N/A
"Essential Hypertension: Symptoms, Causes, Treatments",N/A,N/A,N/A
"Testicular Torsion: Symptoms, Causes and Treatment",N/A,N/A,N/A
Herpangina (Kids and Adults): Symptoms and Treatments,N/A,N/A,N/A
Signs of gallbladder cancer,N/A,N/A,N/A
"Minor Head Trauma: Symptoms, Causes and Treatment",N/A,N/A,N/A
"Cirrhosis of the Liver: Symptom, Stages & Treatment",N/A,N/A,N/A
"Chronic Laryngitis: Symptoms, Causes and Treatment",N/A,N/A,N/A
Viral meningitis: Symptoms and Treatments,N/A,N/A,N/A
Morning Sickness: Causes and Relief Tips,N/A,N/A,N/A
"Bacterial Meningitis: Symptoms, Causes, Treatments",N/A,N/A,N/A
Familial Hypercholesterolemia: Symptoms & Causes,N/A,N/A,N/A
"Parkinson’s Disease: Symptoms, Stages and Treatment",N/A,N/A,N/A
Radial Head Subluxation: Causes & Treatment,N/A,N/A,N/A
Signs of hemorrhagic stroke,N/A,N/A,N/A
"Achilles Tendonitis: Symptoms, Causes and Treatment",N/A,N/A,N/A
"Symptoms of Hypothermia: Stages, Causes and Treatment",N/A,N/A,N/A
Dislocated Hip and Hip Subluxation: Signs & Treatments,N/A,N/A,N/A
"Food Allergy: Symptoms, Test, Diagnosis & Treatment",N/A,N/A,N/A
Diabetes Insipidus,N/A,N/A,N/A
"Costochondritis: Symptoms, Diagnosis, Treatment",N/A,N/A,N/A
"Nappy Rash: Symptoms, Causes, Self-Care & Treatment",N/A,N/A,N/A
Signs of multiple myeloma,N/A,N/A,N/A
Signs of asperger syndrome,N/A,N/A,N/A
Hidradenitis suppurativa (HS): Symptoms & Treatments,N/A,N/A,N/A
"Contact Dermatitis: Rash Symptoms, Causes & Treatment",N/A,N/A,N/A
Signs of trigeminal neuralgia,N/A,N/A,N/A
"Infantile Colic: Symptoms, Causes and Treatment",N/A,N/A,N/A
"Osteomalacia (Soft Bones) Symptoms, Causes & Treatment",N/A,N/A,N/A
Signs of poliovirus infection,N/A,N/A,N/A
"Chronic Renal Failure: Symptoms, Causes and Treatment",N/A,N/A,N/A
Nephrotic Syndrome (Adults & Kids) Symptoms & Treatment,N/A,N/A,N/A
"Syphilis Infection - Symptoms, risks & treatment",N/A,N/A,N/A
Viral Gastroenteritis (Stomach Flu) Symptoms & Treatment,N/A,N/A,N/A
Signs of genital herpes,N/A,N/A,N/A
OCD – Obsessive Compulsive Disorder,N/A,N/A,N/A
"Septic Arthritis: Symptoms, Causes and Treatment",N/A,N/A,N/A
Bird Flu H5N1 (Avian influenza): Symptoms in Humans,N/A,N/A,N/A
"Melanoma: Symptoms, Causes, Cancer Stages & Treatment",N/A,N/A,N/A
Herpes Zoster Ophthalmicus: Symptoms and Treatments,N/A,N/A,N/A
Allergic Conjunctivitis: Symptoms and Eye Treatment,N/A,N/A,N/A
"Molar Pregnancy: Symptoms, Causes, Types and Risks",N/A,N/A,N/A
Acute Varicella Zoster (Chickenpox): Sign & Treatment,N/A,N/A,N/A
Adult-onset Still's Disease (AOSD),N/A,N/A,N/A
"Diaper Rash: Symptoms, Causes, Prevention & Treatment",N/A,N/A,N/A
"Carpal Tunnel Syndrome: Symptoms, Causes and Treatment",N/A,N/A,N/A
"Asthma: Symptoms, Causes and Treatment",N/A,N/A,N/A
Recognizing HIV Symptoms in Men,N/A,N/A,N/A
"Restless Legs Syndrome: Causes, Symptoms & Cure",N/A,N/A,N/A
"Breast Cancer: Symptoms, Causes, Stages and Treatment",N/A,N/A,N/A
"Miscarriage: Symptoms, Causes, Types and Risks",N/A,N/A,N/A
Signs of congenital hypothyroidism,N/A,N/A,N/A
Signs of acute otitis media,N/A,N/A,N/A
Generalized anxiety disorder,N/A,N/A,N/A
"Testicular Cancer: Symptoms, Causes, Stage & Treatment",N/A,N/A,N/A
Hypertensive Retinopathy: High Blood Pressure's Eye Signs,N/A,N/A,N/A
Signs of cryptorchidism/undescended testicles,N/A,N/A,N/A
"Brain Stem Stroke: Symptoms, Recovery and Treatment",N/A,N/A,N/A
Urinary Tract Infection (UTI): What are the Symptoms?,N/A,N/A,N/A
"Pulmonary Embolism: Symptoms, Causes and Treatments",N/A,N/A,N/A
Plaque Psoriasis: Symptoms & Treatments,N/A,N/A,N/A
Lewy Body Dementia - A brief overview,N/A,N/A,N/A
Signs of essential tremor,N/A,N/A,N/A
"Cervical Cancer: Symptoms, Stages and Treatments",N/A,N/A,N/A
"Pericardial Effusion: Symptoms, Causes and Treatment",N/A,N/A,N/A
Loiasis (African Eye Worm): Symptoms and Treatmen,N/A,N/A,N/A
Signs of Schizophrenia,N/A,N/A,N/A
"Appendicitis: Pain Location, Causes & Treatments",N/A,N/A,N/A
"Precocious Puberty: Sign, Causes and Medication",N/A,N/A,N/A
Nephrolithiasis (Kedney Stones): Symptoms & Treatment,N/A,N/A,N/A
Fibrodysplasia Ossificans Progressiva (FOP): Symptoms,N/A,N/A,N/A
Upper GI Hemorrhage: Causes & Management Tips,N/A,N/A,N/A
Juvenile idiopathic arthritis,N/A,N/A,N/A
"Acute Appendicitis: Symptoms, Causes and Treatment",N/A,N/A,N/A
"Childhood Asthma: Symptoms, Causes and Treatment",N/A,N/A,N/A
Cobblestone Throat (Acute Pharyngitis) Sign & Treatment,N/A,N/A,N/A
Friedreich’s Ataxia: A Guide to Symptoms & Treatment,N/A,N/A,N/A
Mumps,N/A,N/A,N/A
"Vaginal Thrush: Symptoms, Causes & Treatments",N/A,N/A,N/A
Cradle Cap: Infantile Seborrheic Dermatitis Guide,N/A,N/A,N/A
Signs of peptic ulcer disease,N/A,N/A,N/A
"Hemorrhoids: Symptoms, causes and treatment",N/A,N/A,N/A
"Benign Mole: Types, Causes and Removal Treatmets",N/A,N/A,N/A
PMDD: Severe Premenstrual Symptoms Sing & Cure,N/A,N/A,N/A
"Cervicitis: Symptoms, Causes and Treatment",N/A,N/A,N/A
"Pregnancy: Early Symptoms, Signs & Stages",N/A,N/A,N/A
"HPV: Symptoms, Risks, and Vaccination",N/A,N/A,N/A
Hemiplegic Migraine: Symptoms & Treatments,N/A,N/A,N/A
Subarachnoid Hemorrhage (SAH): Symptoms and Treatment,N/A,N/A,N/A
Hashimoto’s Thyroiditis & Hypothyroidism: Symptoms,N/A,N/A,N/A
Sleep apnea: Symptoms & Treatments,N/A,N/A,N/A
"Ischemic Stroke (Clots): Symptoms, Causes & Treatment",N/A,N/A,N/A
HIV: Which Symptoms Can Appear on the Tongue?,N/A,N/A,N/A
Epstein-Barr Virus (EBV) Symptoms and Treatments,N/A,N/A,N/A
Signs of Stomach Bug in Baby and Children,N/A,N/A,N/A
Polycystic Ovary Syndrome (PCOS): Symptoms & Treatment,N/A,N/A,N/A
Donovanosis (Granuloma Inguinale) Symptoms and Treatments,N/A,N/A,N/A
Signs of Legionella infection,N/A,N/A,N/A
"Muscle Strain - Symptoms, Causes and Treatment",N/A,N/A,N/A
"Gonorrhea: Symptoms, Causes, Tests and Treatment",N/A,N/A,N/A
Keratoconjunctivitis Sicca (Dry Eye Syndrome) Symptoms,N/A,N/A,N/A
Cholecystitis (Gallbladder Inflammation) Signs & Treatment,N/A,N/A,N/A
Juvenile Rheumatoid Arthritis: Symptoms and Treatmen,N/A,N/A,N/A
"Chlamydia Infection: Symptoms, Prevention, Cure",N/A,N/A,N/A
Symptoms of neonatal jaundice,N/A,N/A,N/A
"Erectile Dysfunction: Causes, Treatment and Sign",N/A,N/A,N/A
"Coronary Artery Disease: Symptoms, Causes & Treatment  Ada",N/A,N/A,N/A
Signs of adjustment disorder,N/A,N/A,N/A
Ebola Virus: Symptoms and Care,N/A,N/A,N/A
"Allergic Rhinitis: Types, Signs, Causes & Treatments",N/A,N/A,N/A
"Dengue Fever: Symptoms, Causes, Treatment and Vaccine",N/A,N/A,N/A
"Open Angle Glaucoma: Symptoms, Causes and Treatment",N/A,N/A,N/A
"Otitis Externa: Symptoms, Causes and Treatment",N/A,N/A,N/A
Signs of early disseminated Lyme disease,N/A,N/A,N/A
Tension Headache Symptoms: Causes & Treatments,N/A,N/A,N/A
"Sepsis (Septicemia): Symptoms, Causes & Treatment",N/A,N/A,N/A
Recognizing HIV Symptoms in Women,N/A,N/A,N/A
"Failure to Thrive in Babies: Sign, Causes and Treatments",N/A,N/A,N/A
Symptoms of fibrocystic breasts,N/A,N/A,N/A
Urinary incontinence (UI) treatment,N/A,N/A,N/A
Charcot-Marie-Tooth Disease: Symptoms & Treatments,N/A,N/A,N/A
Iron Deficiency (Anemia): Symptoms and Treatment,N/A,N/A,N/A
"Cluster Headaches (CHs): Symptoms, Causes & Treatment",N/A,N/A,N/A
Hemophilia: Symptoms and Treatments,N/A,N/A,N/A
Acute Bronchitis (Chest Cold): Symptoms and Treatment,N/A,N/A,N/A
"Arthritis: Symptoms, Types, Causes and Treatment",N/A,N/A,N/A
"Scabies: Symptoms, Causes & Treatment Options",N/A,N/A,N/A
Signs of atherosclerosis,N/A,N/A,N/A
"Anemia: Symptoms, Causes, Test and Treatments",N/A,N/A,N/A
Signs of Aspiration: Handling Pulmonary Aspiration,N/A,N/A,N/A
"Crohn’s Disease: Symptoms, Causes and Treatment",N/A,N/A,N/A
Post Traumatic Stress Disorder (PTSD): Symptoms & Cure,N/A,N/A,N/A
Childhood & Adolescent Depression: Key Symptoms,N/A,N/A,N/A
Central Sleep Apnea: Symptoms & Treatments,N/A,N/A,N/A
"Inguinal Hernia - Symptoms, Causes and Treatment",N/A,N/A,N/A
"Mesothelioma Cancer: Symptoms, Causes and Treatment",N/A,N/A,N/A
Infantile Atopic Dermatitis,N/A,N/A,N/A
"Fetal Alcohol Syndrome: Causes, Symptoms, and Risks",N/A,N/A,N/A
Acute aspiration of gastric contents,N/A,N/A,N/A
AFib: Symptoms and Treatments,N/A,N/A,N/A
Idiopathic nephrotic syndrome,N/A,N/A,N/A
Benign Paroxysmal Positional Vertigo,N/A,N/A,N/A
"Alzheimer’s Disease: Symptoms, Causes and Treatment",N/A,N/A,N/A
"Diabetes: Symptoms, Causes, Types and Treatment",N/A,N/A,N/A
Signs of systemic lupus erythematosus,N/A,N/A,N/A
Hot flashes: Causes & Treatments,N/A,N/A,N/A
Chronic Pelvic Pain Syndrom: Symptoms and Treatments,N/A,N/A,N/A
"Premature Labor: Sign, Causes, Risks and Treatment",N/A,N/A,N/A
"Uveitis: Symptoms, Causes and Treatment",N/A,N/A,N/A
Symptoms of acne vulgaris,N/A,N/A,N/A
"Trichomonas: Symptoms, Causes and STD Treatments",N/A,N/A,N/A
"Tendonitis (Tendinitis): Sign, Causes and Treatment",N/A,N/A,N/A
"Cholera: Symptoms, Vaccine and Treatments",N/A,N/A,N/A
Cushing’s Syndrome,N/A,N/A,N/A
"Hay Fever: Symptoms, Causes, Allergies and Treatment",N/A,N/A,N/A
Symptoms of functional dyspepsia,N/A,N/A,N/A
"Osteoporosis: Symptoms, Causes, Risks and Treatment",N/A,N/A,N/A
Multiple Sclerosis (MS): Symptoms and Treatment,N/A,N/A,N/A
"Anaphylaxis: Definition, Symptoms, Causes & Treatment",N/A,N/A,N/A
"Hip Dysplasia: Symptoms, Diagnosis, and Treatment",N/A,N/A,N/A
HIV Symptoms and Swollen Lymph Nodes,N/A,N/A,N/A
Premenstrual syndrome (PMS): Symptoms & Treatments,N/A,N/A,N/A
Laryngeal Cancer,N/A,N/A,N/A
"Stomach Cancer: Symptoms, Causes, Stages and Treatment",N/A,N/A,N/A
Ocular Migraine: Symptoms & Treatments,N/A,N/A,N/A
"Fibromyalgia: Symptoms, Causes and Treatments",N/A,N/A,N/A
Signs of borderline personality disorder,N/A,N/A,N/A
"Gout Arthritis: Symptom, Causes and Treatment",N/A,N/A,N/A
"Rosacea: Symptoms, Causes, Types and Treatment",N/A,N/A,N/A
Signs of concussion syndrome,N/A,N/A,N/A
"Sign of Migraine: Symptoms, Causes and Medication",N/A,N/A,N/A
Measles: Symptoms & Prevention (Vaccine),N/A,N/A,N/A
"Cataract: Symptoms, Diagnosis & Treatment",N/A,N/A,N/A
Is a Sore Throat a Possible Symptom of HIV?,N/A,N/A,N/A
"Endocarditis: Symptoms, Causes, Prevention & Treatment",N/A,N/A,N/A
"Non-Allergic Rhinitis: Symptoms, Causes and Treatment",N/A,N/A,N/A
Learn to identify Myocardial Infarction,N/A,N/A,N/A
"Bacterial Vaginosis: Symptoms, Causes and Treatment",N/A,N/A,N/A
Roseola Infantum (Sixth Disease): Symptoms & Treatment,N/A,N/A,N/A
HIV and Dementia: Understanding Symptoms and Care,N/A,N/A,N/A
"Gastroenteritis: Symptoms, Type, Causes & Treatments",N/A,N/A,N/A
Signs of atopic dermatitis,N/A,N/A,N/A
"Acute Heart Failure - Symptoms, treatment and prognosis",N/A,N/A,N/A
"Herpes Zoster: Symptoms, Types, Vaccine and Treatment",N/A,N/A,N/A
"Headache: Types, Causes, Symptoms and Treatments",N/A,N/A,N/A
Identify signs of rickets,N/A,N/A,N/A
"Lyme Disease: Symptoms, Causes & Prevention",N/A,N/A,N/A
HIV: Can it Cause Skin Rashes? Symptoms & Causes,N/A,N/A,N/A
Onychomycosis (Nail Infection),N/A,N/A,N/A
HIV and AIDS - An Overview,N/A,N/A,N/A
Mpox (Monkeypox): Symptoms & Treatments,N/A,N/A,N/A
"Anal Cancer: Early Symptoms, Causes and Treatment",N/A,N/A,N/A
Musculoskeletal Pain - Treatment & Prevention,N/A,N/A,N/A
"Impetigo (School Sores): Symptoms, Causes & Treatment",N/A,N/A,N/A
Cyclothymia (Cyclothymic Disorder): Sign & Cure,N/A,N/A,N/A
Signs of bipolar affective disorder,N/A,N/A,N/A
Signs of cutaneous burns,N/A,N/A,N/A
Alcohol Withdrawal Symptoms: What are they? What to do?,N/A,N/A,N/A
"Conjunctivitis (Pink Eye) Symptoms, Causes & Treatment",N/A,N/A,N/A
"Psoriasis: Symptoms, Causes & Treatments",N/A,N/A,N/A
"Anal Fissure: Symptoms, Causes & List of Treatments",N/A,N/A,N/A
HIV Fever: Characteristics & Differences from Normal Fever,N/A,N/A,N/A
"Generalized Seizure: Symptoms, Types & Treatment",N/A,N/A,N/A
"Malaria: Symptoms, Causes, Vaccine and Treatment",N/A,N/A,N/A
"Chiragra Gout: Symptoms, Causes and Treatment",N/A,N/A,N/A
Pediatric acute otitis media,N/A,N/A,N/A
Oropharyngeal Cancer,N/A,N/A,N/A
"Rheumatoid Arthritis: Symptoms, Causes and Treatment",N/A,N/A,N/A
"Fabry Disease: Symptoms, Causes and Treatment",N/A,N/A,N/A
"Abdominal Pain - Symptoms,Treatment & Prevention",N/A,N/A,N/A
Folate Deficiency: Recognize Symptoms & Causes,N/A,N/A,N/A
"Muscle Soreness - Symptoms, Diagnosis & Treatment",N/A,N/A,N/A
Signs of prostate cancer,N/A,N/A,N/A
Signs of ulcerative colitis (UC),N/A,N/A,N/A
Chronic migraine: Symptoms & Treatments,N/A,N/A,N/A
"Bacterial Prostatitis: Symptoms, Causes and Treatment",N/A,N/A,N/A
Signs of nephritic syndrome,N/A,N/A,N/A
Signs of lower gastrointestinal hemorrhage,N/A,N/A,N/A
"Infective Endocarditis: Symptoms, Diagnosis & Treatment",N/A,N/A,N/A
"Myasthenia Gravis: Symptoms, Causes and Treatment",N/A,N/A,N/A
"Pneumonia: Symptoms, Causes, Typres and Treatments",N/A,N/A,N/A
Post-Strep Glomerulonephritis: Causes & Symptoms,N/A,N/A,N/A
Signs of Myocarditis: Symptoms and Treatments,N/A,N/A,N/A
Signs of Panic Attack and How to Deal with It,N/A,N/A,N/A
"Enlarged Prostate: Main Symptoms, Causes & Treatments",N/A,N/A,N/A
Bacterial Gastroenteritis: Symptoms and Treatment,N/A,N/A,N/A
Childhood Absence Epilepsy: Symptoms and Treatment,N/A,N/A,N/A
Attention deficit hyperactivity disorder (ADHD),N/A,N/A,N/A
Signs of Human Herpesvirus (HHV),N/A,N/A,N/A
"Tietze Syndrome - Symptoms, Diagnosis & Treatment",N/A,N/A,N/A
"Common Cold: Symptoms, Causes and Treatments",N/A,N/A,N/A
Signs of Vitamin D Deficiency: Causes and Treatments,N/A,N/A,N/A
Repetitive Strain Injury (RSI) Symptoms & Treatments,N/A,N/A,N/A
Signs and Symptoms of Cold Sores,N/A,N/A,N/A
"Bacterial Conjunctivitis: Symptoms, Causes & Treatment",N/A,N/A,N/A
Signs of Tooth Abscess: Stages and Treatments,N/A,N/A,N/A
Signs of chronic bronchitis,N/A,N/A,N/A
"Thyroiditis: Symptoms, Causes, Types and Treatment",N/A,N/A,N/A
Signs of acute stress disorder,N/A,N/A,N/A
Bacterial Sinus Infection: Symptoms & Treatments,N/A,N/A,N/A
Sings of cystic fibrosis,N/A,N/A,N/A
"Ovarian Cancer: Symptoms, Stages, Causes & Treatment",N/A,N/A,N/A
Benign prostatic hyperplasia,N/A,N/A,N/A
Aphthous Ulcers (Canker Sore): Sing and Treatments,N/A,N/A,N/A
"Ear Infection (Middle Ear) Symptoms, Causes & Treatments",N/A,N/A,N/A
"Migraine: Symptoms, Causes, & Treatment Options",N/A,N/A,N/A
Sinus Infection (Sinusitis): Symtoms & Treatments,N/A,N/A,N/A
"Schnitzler's Syndrome: Symptoms, Causes and Treatment",N/A,N/A,N/A
Cytomegalovirus Infection (CMV): Symptoms & Treatment,N/A,N/A,N/A
"Diverticulitis Disease: Symptoms, Causes & Treatment",N/A,N/A,N/A
Sickle Cell Disease: Symptoms and Treatment,N/A,N/A,N/A
"Bladder Cancer: Symptoms, Causes, Stages and Treatment",N/A,N/A,N/A
Signs of non-small cell lung cancer,N/A,N/A,N/A
Identify Nonbacterial Prostatitis,N/A,N/A,N/A
Pediatric urinary tract infection,N/A,N/A,N/A
Migraine with Aura: Symptoms & Treatments,N/A,N/A,N/A
Recognize esophageal cancer,N/A,N/A,N/A
Recurrent Stomach Discomfort Symptoms & Treatment,N/A,N/A,N/A
Familial Mediterranean Fever (FMF),N/A,N/A,N/A
Signs of febrile seizure,N/A,N/A,N/A
Chronic Gastritis Symptoms: Causes & Treatments,N/A,N/A,N/A
"Menopause: Symptoms, Ages, Early Signs & Treatment",N/A,N/A,N/A
Type 2 Diabetes: Symptoms & Treatments,N/A,N/A,N/A
HIV transmission: How Is HIV Transmitted?,N/A,N/A,N/A
Small Cell Lung Cancer,N/A,N/A,N/A
Late Stage Lyme Disease: Symptoms and Treatments,N/A,N/A,N/A
"Celiac Disease: Symptoms, Causes, Test and Treatment",N/A,N/A,N/A
Menstrual Disorders - Symptoms and Treatment,N/A,N/A,N/A
Learn to identify Gallstones,N/A,N/A,N/A
Vestibular migraine: Symptoms & Treatments,N/A,N/A,N/A
"Foreign Body Ingestion: Sign, Risks and Treatments",N/A,N/A,N/A
Polymyalgia Rheumatica: Symptoms & Treatments,N/A,N/A,N/A
Cerebellar ataxia: Symptoms and Treatments,N/A,N/A,N/A
Signs of alcohol intoxication,N/A,N/A,N/A
"Vitamin K Deficiency: Symptoms, Causes & Treatment",N/A,N/A,N/A
Signs of chronic pancreatitis,N/A,N/A,N/A
Pelvic Inflammatory Disease (PID) Symptoms & Treatment,N/A,N/A,N/A
Signs of reactive arthritis,N/A,N/A,N/A
Chronic Idiopathic Constipation: Symptoms & Relief,N/A,N/A,N/A
"Endometriosis: Symptoms, Causes, Stages and Treatment",N/A,N/A,N/A
Necrotizing Periodontal Disease,N/A,N/A,N/A
"Common Warts: Symptoms, Causes & Treatments",N/A,N/A,N/A
"Gastroesophageal Reflux Disease (GERD) Symptoms, Causes, & Treatment",N/A,N/A,N/A
"Chronic Heart Failure: Symptoms, Causes and Treatment",N/A,N/A,N/A
"Tetanus (Lockjaw) Symptoms, Causes, Vaccine & Treatment",N/A,N/A,N/A
"Smoke Inhalation: Symptoms, Effects and Treatments",N/A,N/A,N/A
"Acute Pancreatitis: Symptoms, Causes and Treatment",N/A,N/A,N/A
"Chronic Pancreatitis: Symptoms, Causes and Treatment",N/A,N/A,N/A
Signs of early localized Lyme disease,N/A,N/A,N/A
"Vitamin B12 Deficiency: Signs, Causes and Treatments",N/A,N/A,N/A
"Genital Warts: Symptoms, Causes, and Treatment",N/A,N/A,N/A
"Pneumothorax (Clollapsed Lung) Symptom, Causes, Treatments",N/A,N/A,N/A
Acute HIV - the first stage of HIV,N/A,N/A,N/A
"Prostatectomy: Recovery, Risks, and What to Expect",N/A,N/A,N/A
Seasonal Affective Disorder (SAD) Symptoms & Treatment,N/A,N/A,N/A
"Thalassemia: Symptoms, Causes and Treatment",N/A,N/A,N/A
"Influenza (Flu) Symptoms, Types and Treatments",N/A,N/A,N/A
"Typhoid Fever: Symptoms, Causes, Vaccine & Treatment",N/A,N/A,N/A
"Whooping Cough (Pertussis) Symptoms, Vaccine & Treatment",N/A,N/A,N/A
"Sprains - Symptoms, Treatment and Prevention",N/A,N/A,N/A
What is Autism? Causes and Diagnosis,N/A,N/A,N/A
"Hypoglycemia: Symptoms, Risks, Causes and Treatment",N/A,N/A,N/A
"Acute Gastritis: Symptoms, Causes and Treatments",N/A,N/A,N/A
Muscle and Joint Pain - Symptoms and Treatment,N/A,N/A,N/A
Transient Ischemic Attack (TIA): Symptoms & Risks,N/A,N/A,N/A
Spot an acute panic attack,N/A,N/A,N/A
Signs of endometrial Cancer,N/A,N/A,N/A
Hypothyroidism (Underactive Thyroid) Symptoms & Treatments,N/A,N/A,N/A
Identify Coronavirus Signs & Symptoms,N/A,N/A,N/A
"Podagra (Foot Gout): Symptoms, Causes and Treatment",N/A,N/A,N/A
"Conversion Disorder: Symptoms, Causes & Treatments",N/A,N/A,N/A
Contusions - Diagnosing and treating bruises,N/A,N/A,N/A
"Rheumatic Fever: Causes, Symptoms and Treatment",N/A,N/A,N/A
Tuberculosis: Symptoms and Treatments,N/A,N/A,N/A
Identify Unstable Angina Pectoris,N/A,N/A,N/A
"Preeclampsia in Pregnancy: Symptoms, Causes &Treatments",N/A,N/A,N/A
"Rubella (German Measles) Symptoms, Vaccine & Treatment",N/A,N/A,N/A
Herpes Simplex Virus (1 & 2): Symptoms and Treatments,N/A,N/A,N/A
"Secondary Syphilis: Symptoms, Stages & Treatments",N/A,N/A,N/A
"Perimenopause: Symptoms, Signs  and Age",N/A,N/A,N/A
"Plantar Warts: Symptoms, Causes, Remuval & Treatment",N/A,N/A,N/A
"Tuberculosis (TB): Symptoms, Causes and Treatment",N/A,N/A,N/A
"Pneumonia in Children: Symptoms, Causes & Treatments",N/A,N/A,N/A
"Chronic Pharyngitis: Symptoms, Causes and Treatment",N/A,N/A,N/A
"Ectopic Pregnancy: All Symptoms, Risks & Treatment",N/A,N/A,N/A
"Pressure Ulcer (Besdsore): Sign, Stages and Treatment",N/A,N/A,N/A
"Colorectal Cancer: Symptoms, Causes, Stages & Treatment",N/A,N/A,N/A
Identify signs of acute laryngitis,N/A,N/A,N/A
Post concussion syndrome (PCS),N/A,N/A,N/A
